app_id,app_name,label,play_store_url,contacts,sms,call_log,camera,microphone,location,photos_media_storage
com.privo.creditsaison,Credit Saison India: Loan App,1,https://play.google.com/store/apps/details?id=com.privo.creditsaison,0,1,0,0,0,1,1
in.groww.dash,Groww Credit: Instant Loan App,1,https://play.google.com/store/apps/details?id=in.groww.dash,0,0,0,0,0,1,1
com.moneyclub.android,Money Club: P2P group savings,1,https://play.google.com/store/apps/details?id=com.moneyclub.android,1,0,0,0,0,0,0
com.pocketly,Pocketly Instant Personal Loan,1,https://play.google.com/store/apps/details?id=com.pocketly,0,1,0,0,0,1,0
com.vizzve_micro_seva,Vizzve instant loan app,1,https://play.google.com/store/apps/details?id=com.vizzve_micro_seva,1,0,0,0,1,0,1
com.innofinsolutions.instamoney,InstaMoney Personal Loan App,1,https://play.google.com/store/apps/details?id=com.innofinsolutions.instamoney,1,0,0,0,0,1,1
com.smartfinancial.mobilebanking,Smart Financial Mobile App,1,https://play.google.com/store/apps/details?id=com.smartfinancial.mobilebanking,1,0,0,0,0,0,0
com.moneymanager.personal.finance.planner,Loan Master Plan: Manage Money,1,https://play.google.com/store/apps/details?id=com.moneymanager.personal.finance.planner,0,0,0,0,0,0,0
com.app.walletinsta,Insta Wallet,1,https://play.google.com/store/apps/details?id=com.app.walletinsta,0,0,0,0,0,0,0
cashloan.lowinterest.eligibility,SmartLoan – Check Eligibility,1,https://play.google.com/store/apps/details?id=cashloan.lowinterest.eligibility,0,0,0,0,0,0,0
com.enigmnex.smartcashapp,SmartCash,1,https://play.google.com/store/apps/details?id=com.enigmnex.smartcashapp,0,0,0,0,0,0,0
com.analytics.finance.manager.money.app,Daily Loan - Money Tracker,1,https://play.google.com/store/apps/details?id=com.analytics.finance.manager.money.app,0,0,0,0,0,0,0
com.fastbanking,Kissht: Instant Personal Loans,1,https://play.google.com/store/apps/details?id=com.fastbanking,0,0,0,0,0,0,0
com.nobroker.loans,InstaCash Loan App by NoBroker,1,https://play.google.com/store/apps/details?id=com.nobroker.loans,0,1,0,0,0,1,0
com.quickfund.quickfundmobile,QuickFund Mobile,1,https://play.google.com/store/apps/details?id=com.quickfund.quickfundmobile,0,0,0,0,0,0,0
com.balancehero.truebalance,True Balance - Loan App & UPI,1,https://play.google.com/store/apps/details?id=com.balancehero.truebalance,0,1,0,0,1,1,1
com.taplend.india,Taplend: Personal Loan App,1,https://play.google.com/store/apps/details?id=com.taplend.india,0,1,0,0,0,1,0
com.strong.primecash,PrimeCash - Earn Rewards,1,https://play.google.com/store/apps/details?id=com.strong.primecash,0,0,0,0,0,0,0
com.esay.fund,Easy Fund,1,https://play.google.com/store/apps/details?id=com.esay.fund,0,0,0,0,0,0,0
com.solution.rupenetpaymentbox,"PayRupe - AEPS,DMT,UPI etc",1,https://play.google.com/store/apps/details?id=com.solution.rupenetpaymentbox,0,0,0,0,0,1,0
com.tapp.swiftb.rupeego,SwiftRupee,1,https://play.google.com/store/apps/details?id=com.tapp.swiftb.rupeego,0,0,0,0,0,0,0
com.devaashishcapitals.rot,Rupeeontime – Instant Loan,1,https://play.google.com/store/apps/details?id=com.devaashishcapitals.rot,0,0,0,0,0,0,0
com.lendingplate,lendingplate-Personal Loan App,1,https://play.google.com/store/apps/details?id=com.lendingplate,0,0,0,0,0,0,0
com.nextfin,NextFin: Instant loan,1,https://play.google.com/store/apps/details?id=com.nextfin,0,0,0,0,0,0,0
com.fintech.lenditt,Lenditt: Personal Loan App,1,https://play.google.com/store/apps/details?id=com.fintech.lenditt,0,0,0,0,0,1,0
com.SwiftFunds,SwiftFunds : Payment App,1,https://play.google.com/store/apps/details?id=com.SwiftFunds,0,0,0,0,0,1,1
com.kksv.salarynowapp,Salary Now - Instant Loans,1,https://play.google.com/store/apps/details?id=com.kksv.salarynowapp,0,0,0,0,0,0,0
com.sequelstringai.rapidcash,RapidCash,1,https://play.google.com/store/apps/details?id=com.sequelstringai.rapidcash,0,0,0,0,0,0,0
com.paisapayone.paisapayone,Paisa Pay One,1,https://play.google.com/store/apps/details?id=com.paisapayone.paisapayone,0,0,0,0,0,0,0
com.zapcash.loan,ZapCash - Quick Loans,1,https://play.google.com/store/apps/details?id=com.zapcash.loan,0,0,0,0,0,0,0
com.bc.bestcash,Swift Cash - Credit Loans,1,https://play.google.com/store/apps/details?id=com.bc.bestcash,0,0,0,0,0,0,0
kredit.rupee,Kredit Rupee Personal Loan App,1,https://play.google.com/store/apps/details?id=kredit.rupee,0,0,0,0,0,0,0
rapidrupee.app,RapidRupee - Personal Loan App,1,https://play.google.com/store/apps/details?id=rapidrupee.app,0,0,0,0,0,1,0
com.rupeproapp,RUPEPRO,1,https://play.google.com/store/apps/details?id=com.rupeproapp,0,0,0,0,0,0,0
com.anytimerupee,Anytime Rupee,1,https://play.google.com/store/apps/details?id=com.anytimerupee,0,0,0,0,1,1,0
rushfunds.cash.advance.payday.personal.loan,RushFunds - Cash Advance & Pay,1,https://play.google.com/store/apps/details?id=rushfunds.cash.advance.payday.personal.loan,0,1,0,0,0,1,0
money.gocredit.ai,GoCredit Instant Personal Loan,1,https://play.google.com/store/apps/details?id=money.gocredit.ai,0,0,0,0,0,0,0
com.pocket.rupee.deal,PocketRupee-Fast Loan,1,https://play.google.com/store/apps/details?id=com.pocket.rupee.deal,1,1,0,0,0,1,1
com.ctl.cashontap,CashOnTap : Instant Cash,1,https://play.google.com/store/apps/details?id=com.ctl.cashontap,0,0,0,0,0,0,0
com.loansure.app,LOANSURE,1,https://play.google.com/store/apps/details?id=com.loansure.app,0,0,0,0,0,0,0
com.goodkredit.myapplication.paydaytoday,Payday Today,1,https://play.google.com/store/apps/details?id=com.goodkredit.myapplication.paydaytoday,0,0,0,0,0,0,0
com.sspmvasai.bank,Smartrupee By SSPM,1,https://play.google.com/store/apps/details?id=com.sspmvasai.bank,0,0,0,0,0,0,0
com.nayarupee,NayaRupee: Spin & Earn Rewards,1,https://play.google.com/store/apps/details?id=com.nayarupee,0,0,0,0,0,0,0
com.flexibee.flexibee,FlexiBee : Secure Data Loan,1,https://play.google.com/store/apps/details?id=com.flexibee.flexibee,0,0,0,0,0,0,0
com.baumenloan.baumenservices,Baumen Loan: Line of Credit,1,https://play.google.com/store/apps/details?id=com.baumenloan.baumenservices,0,1,0,0,0,1,0
com.cashfish.app,Cash Fish io,1,https://play.google.com/store/apps/details?id=com.cashfish.app,0,0,0,0,0,0,1
com.app.flycash,Flycash,1,https://play.google.com/store/apps/details?id=com.app.flycash,0,0,0,0,0,0,0
in.kubiz.app,"Kubiz: Loan App, Instant Cash",1,https://play.google.com/store/apps/details?id=in.kubiz.app,0,0,0,0,0,1,0
com.rupeeredee.app,RupeeRedee - Personal Loan App,1,https://play.google.com/store/apps/details?id=com.rupeeredee.app,0,0,0,0,0,0,0
com.kksv.salarynowloan,SN Insta Personal Advance Loan,1,https://play.google.com/store/apps/details?id=com.kksv.salarynowloan,0,0,0,0,0,0,0
com.easymone,EasyMoney,1,https://play.google.com/store/apps/details?id=com.easymone,0,0,0,0,0,0,0
in.hanafintech,PayRupik Instant Personal Loan,1,https://play.google.com/store/apps/details?id=in.hanafintech,0,0,0,0,1,1,1
com.quickpaisa.loanapp,QuickPaisa,1,https://play.google.com/store/apps/details?id=com.quickpaisa.loanapp,0,1,0,0,0,1,1
com.kotak811mobilebankingapp.instantsavingsupiscanandpayrecharge,Kotak Bank: 811 Mobile App,0,https://play.google.com/store/apps/details?id=com.kotak811mobilebankingapp.instantsavingsupiscanandpayrecharge,0,0,0,0,0,1,0
com.csam.icici.bank.imobile,"iMobile: Loan, Cards & Banking",0,https://play.google.com/store/apps/details?id=com.csam.icici.bank.imobile,0,0,0,0,0,0,0
com.sbi.lotusintouch,YONO SBI: Banking & Lifestyle,0,https://play.google.com/store/apps/details?id=com.sbi.lotusintouch,0,0,0,0,0,1,1
com.branch_international.branch.branch_demo_android,Branch Instant Personal Loan,0,https://play.google.com/store/apps/details?id=com.branch_international.branch.branch_demo_android,0,1,0,0,0,1,1
com.citrus.citruspay,LazyPay: Loan App & Pay Later,0,https://play.google.com/store/apps/details?id=com.citrus.citruspay,0,1,0,0,1,1,1
com.stashfin.android,"Stashfin UPI, Pay Bills, Loans",0,https://play.google.com/store/apps/details?id=com.stashfin.android,0,0,0,0,0,1,0
com.nextbillion.groww,"Groww Stocks, Mutual Fund, IPO",0,https://play.google.com/store/apps/details?id=com.nextbillion.groww,0,0,0,0,0,1,1
com.bankofbaroda.mconnect,bob World:Banking & Experience,0,https://play.google.com/store/apps/details?id=com.bankofbaroda.mconnect,0,0,0,0,0,0,0
com.phonepe.app,"PhonePe UPI Payments, Loan App",0,https://play.google.com/store/apps/details?id=com.phonepe.app,1,0,0,0,0,1,1
com.mpokket.app,mPokket: Instant Loan App,0,https://play.google.com/store/apps/details?id=com.mpokket.app,0,1,0,0,0,1,1
co.tslc.cashe.android,CASHe: Quick Personal Loan App,0,https://play.google.com/store/apps/details?id=co.tslc.cashe.android,0,1,0,0,0,1,0
com.whizdm.moneyview.loans,"Moneyview: UPI, Personal Loans",0,https://play.google.com/store/apps/details?id=com.whizdm.moneyview.loans,0,1,0,0,0,1,1
com.kreditbee.android,"KreditBee: Personal Loans, UPI",0,https://play.google.com/store/apps/details?id=com.kreditbee.android,1,1,0,0,1,1,1
com.mobikwik_new,"MobiKwik: Loans, UPI & Wallet",0,https://play.google.com/store/apps/details?id=com.mobikwik_new,1,1,0,0,1,1,1
com.naviapp,"Navi: UPI, Payments, Insurance",0,https://play.google.com/store/apps/details?id=com.naviapp,1,1,0,0,0,1,1
tech.fplabs.score,OneScore: Credit Score App,0,https://play.google.com/store/apps/details?id=tech.fplabs.score,0,0,0,0,0,1,0
com.myairtelapp,"Airtel: Recharge, Bank & Loans",0,https://play.google.com/store/apps/details?id=com.myairtelapp,0,1,0,0,0,1,0
com.moneytap.bnpl.app,"Freo - UPI, Insurance, Loans",0,https://play.google.com/store/apps/details?id=com.moneytap.bnpl.app,1,1,0,0,0,1,1
com.fedmobile,Federal Bank - FedMobile,0,https://play.google.com/store/apps/details?id=com.fedmobile,0,0,0,0,0,1,1
com.hdfcbank.android.now,HDFC Bank App: Banking & Cards,0,https://play.google.com/store/apps/details?id=com.hdfcbank.android.now,0,0,0,0,0,1,1
com.axis.mobile,"Axis Mobile: Pay, Invest & UPI",0,https://play.google.com/store/apps/details?id=com.axis.mobile,0,0,0,0,0,0,0
com.smfgindia.mconnect,SMFG India Credit mConnect,0,https://play.google.com/store/apps/details?id=com.smfgindia.mconnect,0,0,0,0,0,0,1
com.earlysalary.android,Personal Loan App by Fibe,0,https://play.google.com/store/apps/details?id=com.earlysalary.android,0,0,0,0,0,0,0
com.indialends.android,"IndiaLends-Loans, Credit Score",0,https://play.google.com/store/apps/details?id=com.indialends.android,0,1,0,0,0,0,1
in.amazon.mShop.android.shopping,"Amazon India Shop, Pay, miniTV",0,https://play.google.com/store/apps/details?id=in.amazon.mShop.android.shopping,0,1,0,0,1,1,1
com.dreamplug.androidapp,"CRED: Credit Cards, Bills, UPI",0,https://play.google.com/store/apps/details?id=com.dreamplug.androidapp,1,1,0,0,0,1,0
com.canarabank.mobility,Canara ai1- Mobile Banking App,0,https://play.google.com/store/apps/details?id=com.canarabank.mobility,0,0,0,0,0,0,0
com.piramal.app.pchf,Piramal Finance - Loans & More,0,https://play.google.com/store/apps/details?id=com.piramal.app.pchf,0,0,0,0,0,1,0
com.google.android.apps.nbu.paisa.user,Google Pay: Secure UPI payment,0,https://play.google.com/store/apps/details?id=com.google.android.apps.nbu.paisa.user,1,1,0,0,1,1,0
com.muthootfinance.imuthoot,iMuthoot Muthoot Finance Loans,0,https://play.google.com/store/apps/details?id=com.muthootfinance.imuthoot,0,0,0,0,0,0,0
money.jupiter,"Jupiter: Cards, UPI, Banking",0,https://play.google.com/store/apps/details?id=money.jupiter,0,0,0,0,0,0,0